Year,0,1,2,3,4,5,6,7,8,9,10,11,12,13,14,15,16,17,18,19,20,21,22,23,24,25,26,27,28,29,30,31,32,33,34,35,36,37,38,39,40,41,42,43,44,45,46,47,48,49,50,51,52,53,54,55,56,57,58,59,60,61,62,63,64,65,66,67,68,69,70,71,72,73,74,75,76,77,78,79,80,81,82,83,84,85,86,87,88,89,90,91,92,93,94,95,96,97,98,99,100
2015,63.72,64.72,61.2,61.2,61.2,61.2,56.42,56.42,56.42,56.42,56.42,51.69,51.69,51.69,51.69,51.69,47.03,47.03,47.03,47.03,47.03,42.56,42.56,42.56,42.56,42.56,38.29,38.29,38.29,38.29,38.29,34.29,34.29,34.29,34.29,34.29,30.59,30.59,30.59,30.59,30.59,27.03,27.03,27.03,27.03,27.03,23.56,23.56,23.56,23.56,23.56,20.16,20.16,20.16,20.16,20.16,16.87,16.87,16.87,16.87,16.87,13.88,13.88,13.88,13.88,13.88,11.22,11.22,11.22,11.22,11.22,8.91,8.91,8.91,8.91,8.91,6.84,6.84,6.84,6.84,6.84,5.21,5.21,5.21,5.21,5.21,3.92,3.92,3.92,3.92,3.92,2.94,2.94,2.94,2.94,2.94,2.27,2.27,2.27,2.27,2.27
2016,63.72,64.72,61.2,61.2,61.2,61.2,56.42,56.42,56.42,56.42,56.42,51.69,51.69,51.69,51.69,51.69,47.03,47.03,47.03,47.03,47.03,42.56,42.56,42.56,42.56,42.56,38.29,38.29,38.29,38.29,38.29,34.29,34.29,34.29,34.29,34.29,30.59,30.59,30.59,30.59,30.59,27.03,27.03,27.03,27.03,27.03,23.56,23.56,23.56,23.56,23.56,20.16,20.16,20.16,20.16,20.16,16.87,16.87,16.87,16.87,16.87,13.88,13.88,13.88,13.88,13.88,11.22,11.22,11.22,11.22,11.22,8.91,8.91,8.91,8.91,8.91,6.84,6.84,6.84,6.84,6.84,5.21,5.21,5.21,5.21,5.21,3.92,3.92,3.92,3.92,3.92,2.94,2.94,2.94,2.94,2.94,2.27,2.27,2.27,2.27,2.27
2017,63.72,64.72,61.2,61.2,61.2,61.2,56.42,56.42,56.42,56.42,56.42,51.69,51.69,51.69,51.69,51.69,47.03,47.03,47.03,47.03,47.03,42.56,42.56,42.56,42.56,42.56,38.29,38.29,38.29,38.29,38.29,34.29,34.29,34.29,34.29,34.29,30.59,30.59,30.59,30.59,30.59,27.03,27.03,27.03,27.03,27.03,23.56,23.56,23.56,23.56,23.56,20.16,20.16,20.16,20.16,20.16,16.87,16.87,16.87,16.87,16.87,13.88,13.88,13.88,13.88,13.88,11.22,11.22,11.22,11.22,11.22,8.91,8.91,8.91,8.91,8.91,6.84,6.84,6.84,6.84,6.84,5.21,5.21,5.21,5.21,5.21,3.92,3.92,3.92,3.92,3.92,2.94,2.94,2.94,2.94,2.94,2.27,2.27,2.27,2.27,2.27
2018,63.72,64.72,61.2,61.2,61.2,61.2,56.42,56.42,56.42,56.42,56.42,51.69,51.69,51.69,51.69,51.69,47.03,47.03,47.03,47.03,47.03,42.56,42.56,42.56,42.56,42.56,38.29,38.29,38.29,38.29,38.29,34.29,34.29,34.29,34.29,34.29,30.59,30.59,30.59,30.59,30.59,27.03,27.03,27.03,27.03,27.03,23.56,23.56,23.56,23.56,23.56,20.16,20.16,20.16,20.16,20.16,16.87,16.87,16.87,16.87,16.87,13.88,13.88,13.88,13.88,13.88,11.22,11.22,11.22,11.22,11.22,8.91,8.91,8.91,8.91,8.91,6.84,6.84,6.84,6.84,6.84,5.21,5.21,5.21,5.21,5.21,3.92,3.92,3.92,3.92,3.92,2.94,2.94,2.94,2.94,2.94,2.27,2.27,2.27,2.27,2.27
2019,63.72,64.72,61.2,61.2,61.2,61.2,56.42,56.42,56.42,56.42,56.42,51.69,51.69,51.69,51.69,51.69,47.03,47.03,47.03,47.03,47.03,42.56,42.56,42.56,42.56,42.56,38.29,38.29,38.29,38.29,38.29,34.29,34.29,34.29,34.29,34.29,30.59,30.59,30.59,30.59,30.59,27.03,27.03,27.03,27.03,27.03,23.56,23.56,23.56,23.56,23.56,20.16,20.16,20.16,20.16,20.16,16.87,16.87,16.87,16.87,16.87,13.88,13.88,13.88,13.88,13.88,11.22,11.22,11.22,11.22,11.22,8.91,8.91,8.91,8.91,8.91,6.84,6.84,6.84,6.84,6.84,5.21,5.21,5.21,5.21,5.21,3.92,3.92,3.92,3.92,3.92,2.94,2.94,2.94,2.94,2.94,2.27,2.27,2.27,2.27,2.27
2020,64.96,65.79,62.21,62.21,62.21,62.21,57.36,57.36,57.36,57.36,57.36,52.51,52.51,52.51,52.51,52.51,47.82,47.82,47.82,47.82,47.82,43.31,43.31,43.31,43.31,43.31,38.96,38.96,38.96,38.96,38.96,34.8,34.8,34.8,34.8,34.8,30.95,30.95,30.95,30.95,30.95,27.31,27.31,27.31,27.31,27.31,23.88,23.88,23.88,23.88,23.88,20.53,20.53,20.53,20.53,20.53,17.25,17.25,17.25,17.25,17.25,14.24,14.24,14.24,14.24,14.24,11.54,11.54,11.54,11.54,11.54,9.17,9.17,9.17,9.17,9.17,7.05,7.05,7.05,7.05,7.05,5.36,5.36,5.36,5.36,5.36,4.03,4.03,4.03,4.03,4.03,3.01,3.01,3.01,3.01,3.01,2.32,2.32,2.32,2.32,2.32
2021,64.96,65.79,62.21,62.21,62.21,62.21,57.36,57.36,57.36,57.36,57.36,52.51,52.51,52.51,52.51,52.51,47.82,47.82,47.82,47.82,47.82,43.31,43.31,43.31,43.31,43.31,38.96,38.96,38.96,38.96,38.96,34.8,34.8,34.8,34.8,34.8,30.95,30.95,30.95,30.95,30.95,27.31,27.31,27.31,27.31,27.31,23.88,23.88,23.88,23.88,23.88,20.53,20.53,20.53,20.53,20.53,17.25,17.25,17.25,17.25,17.25,14.24,14.24,14.24,14.24,14.24,11.54,11.54,11.54,11.54,11.54,9.17,9.17,9.17,9.17,9.17,7.05,7.05,7.05,7.05,7.05,5.36,5.36,5.36,5.36,5.36,4.03,4.03,4.03,4.03,4.03,3.01,3.01,3.01,3.01,3.01,2.32,2.32,2.32,2.32,2.32
2022,64.96,65.79,62.21,62.21,62.21,62.21,57.36,57.36,57.36,57.36,57.36,52.51,52.51,52.51,52.51,52.51,47.82,47.82,47.82,47.82,47.82,43.31,43.31,43.31,43.31,43.31,38.96,38.96,38.96,38.96,38.96,34.8,34.8,34.8,34.8,34.8,30.95,30.95,30.95,30.95,30.95,27.31,27.31,27.31,27.31,27.31,23.88,23.88,23.88,23.88,23.88,20.53,20.53,20.53,20.53,20.53,17.25,17.25,17.25,17.25,17.25,14.24,14.24,14.24,14.24,14.24,11.54,11.54,11.54,11.54,11.54,9.17,9.17,9.17,9.17,9.17,7.05,7.05,7.05,7.05,7.05,5.36,5.36,5.36,5.36,5.36,4.03,4.03,4.03,4.03,4.03,3.01,3.01,3.01,3.01,3.01,2.32,2.32,2.32,2.32,2.32
2023,64.96,65.79,62.21,62.21,62.21,62.21,57.36,57.36,57.36,57.36,57.36,52.51,52.51,52.51,52.51,52.51,47.82,47.82,47.82,47.82,47.82,43.31,43.31,43.31,43.31,43.31,38.96,38.96,38.96,38.96,38.96,34.8,34.8,34.8,34.8,34.8,30.95,30.95,30.95,30.95,30.95,27.31,27.31,27.31,27.31,27.31,23.88,23.88,23.88,23.88,23.88,20.53,20.53,20.53,20.53,20.53,17.25,17.25,17.25,17.25,17.25,14.24,14.24,14.24,14.24,14.24,11.54,11.54,11.54,11.54,11.54,9.17,9.17,9.17,9.17,9.17,7.05,7.05,7.05,7.05,7.05,5.36,5.36,5.36,5.36,5.36,4.03,4.03,4.03,4.03,4.03,3.01,3.01,3.01,3.01,3.01,2.32,2.32,2.32,2.32,2.32
2024,64.96,65.79,62.21,62.21,62.21,62.21,57.36,57.36,57.36,57.36,57.36,52.51,52.51,52.51,52.51,52.51,47.82,47.82,47.82,47.82,47.82,43.31,43.31,43.31,43.31,43.31,38.96,38.96,38.96,38.96,38.96,34.8,34.8,34.8,34.8,34.8,30.95,30.95,30.95,30.95,30.95,27.31,27.31,27.31,27.31,27.31,23.88,23.88,23.88,23.88,23.88,20.53,20.53,20.53,20.53,20.53,17.25,17.25,17.25,17.25,17.25,14.24,14.24,14.24,14.24,14.24,11.54,11.54,11.54,11.54,11.54,9.17,9.17,9.17,9.17,9.17,7.05,7.05,7.05,7.05,7.05,5.36,5.36,5.36,5.36,5.36,4.03,4.03,4.03,4.03,4.03,3.01,3.01,3.01,3.01,3.01,2.32,2.32,2.32,2.32,2.32
2025,66.15,66.82,63.18,63.18,63.18,63.18,58.31,58.31,58.31,58.31,58.31,53.42,53.42,53.42,53.42,53.42,48.64,48.64,48.64,48.64,48.64,44.09,44.09,44.09,44.09,44.09,39.69,39.69,39.69,39.69,39.69,35.45,35.45,35.45,35.45,35.45,31.47,31.47,31.47,31.47,31.47,27.68,27.68,27.68,27.68,27.68,24.17,24.17,24.17,24.17,24.17,20.84,20.84,20.84,20.84,20.84,17.59,17.59,17.59,17.59,17.59,14.57,14.57,14.57,14.57,14.57,11.84,11.84,11.84,11.84,11.84,9.42,9.42,9.42,9.42,9.42,7.24,7.24,7.24,7.24,7.24,5.5,5.5,5.5,5.5,5.5,4.13,4.13,4.13,4.13,4.13,3.08,3.08,3.08,3.08,3.08,2.36,2.36,2.36,2.36,2.36
2026,66.15,66.82,63.18,63.18,63.18,63.18,58.31,58.31,58.31,58.31,58.31,53.42,53.42,53.42,53.42,53.42,48.64,48.64,48.64,48.64,48.64,44.09,44.09,44.09,44.09,44.09,39.69,39.69,39.69,39.69,39.69,35.45,35.45,35.45,35.45,35.45,31.47,31.47,31.47,31.47,31.47,27.68,27.68,27.68,27.68,27.68,24.17,24.17,24.17,24.17,24.17,20.84,20.84,20.84,20.84,20.84,17.59,17.59,17.59,17.59,17.59,14.57,14.57,14.57,14.57,14.57,11.84,11.84,11.84,11.84,11.84,9.42,9.42,9.42,9.42,9.42,7.24,7.24,7.24,7.24,7.24,5.5,5.5,5.5,5.5,5.5,4.13,4.13,4.13,4.13,4.13,3.08,3.08,3.08,3.08,3.08,2.36,2.36,2.36,2.36,2.36
2027,66.15,66.82,63.18,63.18,63.18,63.18,58.31,58.31,58.31,58.31,58.31,53.42,53.42,53.42,53.42,53.42,48.64,48.64,48.64,48.64,48.64,44.09,44.09,44.09,44.09,44.09,39.69,39.69,39.69,39.69,39.69,35.45,35.45,35.45,35.45,35.45,31.47,31.47,31.47,31.47,31.47,27.68,27.68,27.68,27.68,27.68,24.17,24.17,24.17,24.17,24.17,20.84,20.84,20.84,20.84,20.84,17.59,17.59,17.59,17.59,17.59,14.57,14.57,14.57,14.57,14.57,11.84,11.84,11.84,11.84,11.84,9.42,9.42,9.42,9.42,9.42,7.24,7.24,7.24,7.24,7.24,5.5,5.5,5.5,5.5,5.5,4.13,4.13,4.13,4.13,4.13,3.08,3.08,3.08,3.08,3.08,2.36,2.36,2.36,2.36,2.36
2028,66.15,66.82,63.18,63.18,63.18,63.18,58.31,58.31,58.31,58.31,58.31,53.42,53.42,53.42,53.42,53.42,48.64,48.64,48.64,48.64,48.64,44.09,44.09,44.09,44.09,44.09,39.69,39.69,39.69,39.69,39.69,35.45,35.45,35.45,35.45,35.45,31.47,31.47,31.47,31.47,31.47,27.68,27.68,27.68,27.68,27.68,24.17,24.17,24.17,24.17,24.17,20.84,20.84,20.84,20.84,20.84,17.59,17.59,17.59,17.59,17.59,14.57,14.57,14.57,14.57,14.57,11.84,11.84,11.84,11.84,11.84,9.42,9.42,9.42,9.42,9.42,7.24,7.24,7.24,7.24,7.24,5.5,5.5,5.5,5.5,5.5,4.13,4.13,4.13,4.13,4.13,3.08,3.08,3.08,3.08,3.08,2.36,2.36,2.36,2.36,2.36
2029,66.15,66.82,63.18,63.18,63.18,63.18,58.31,58.31,58.31,58.31,58.31,53.42,53.42,53.42,53.42,53.42,48.64,48.64,48.64,48.64,48.64,44.09,44.09,44.09,44.09,44.09,39.69,39.69,39.69,39.69,39.69,35.45,35.45,35.45,35.45,35.45,31.47,31.47,31.47,31.47,31.47,27.68,27.68,27.68,27.68,27.68,24.17,24.17,24.17,24.17,24.17,20.84,20.84,20.84,20.84,20.84,17.59,17.59,17.59,17.59,17.59,14.57,14.57,14.57,14.57,14.57,11.84,11.84,11.84,11.84,11.84,9.42,9.42,9.42,9.42,9.42,7.24,7.24,7.24,7.24,7.24,5.5,5.5,5.5,5.5,5.5,4.13,4.13,4.13,4.13,4.13,3.08,3.08,3.08,3.08,3.08,2.36,2.36,2.36,2.36,2.36
2030,67.32,67.87,64.18,64.18,64.18,64.18,59.29,59.29,59.29,59.29,59.29,54.38,54.38,54.38,54.38,54.38,49.56,49.56,49.56,49.56,49.56,44.93,44.93,44.93,44.93,44.93,40.48,40.48,40.48,40.48,40.48,36.18,36.18,36.18,36.18,36.18,32.11,32.11,32.11,32.11,32.11,28.2,28.2,28.2,28.2,28.2,24.53,24.53,24.53,24.53,24.53,21.12,21.12,21.12,21.12,21.12,17.88,17.88,17.88,17.88,17.88,14.87,14.87,14.87,14.87,14.87,12.11,12.11,12.11,12.11,12.11,9.66,9.66,9.66,9.66,9.66,7.44,7.44,7.44,7.44,7.44,5.64,5.64,5.64,5.64,5.64,4.23,4.23,4.23,4.23,4.23,3.15,3.15,3.15,3.15,3.15,2.41,2.41,2.41,2.41,2.41
2031,67.32,67.87,64.18,64.18,64.18,64.18,59.29,59.29,59.29,59.29,59.29,54.38,54.38,54.38,54.38,54.38,49.56,49.56,49.56,49.56,49.56,44.93,44.93,44.93,44.93,44.93,40.48,40.48,40.48,40.48,40.48,36.18,36.18,36.18,36.18,36.18,32.11,32.11,32.11,32.11,32.11,28.2,28.2,28.2,28.2,28.2,24.53,24.53,24.53,24.53,24.53,21.12,21.12,21.12,21.12,21.12,17.88,17.88,17.88,17.88,17.88,14.87,14.87,14.87,14.87,14.87,12.11,12.11,12.11,12.11,12.11,9.66,9.66,9.66,9.66,9.66,7.44,7.44,7.44,7.44,7.44,5.64,5.64,5.64,5.64,5.64,4.23,4.23,4.23,4.23,4.23,3.15,3.15,3.15,3.15,3.15,2.41,2.41,2.41,2.41,2.41
2032,67.32,67.87,64.18,64.18,64.18,64.18,59.29,59.29,59.29,59.29,59.29,54.38,54.38,54.38,54.38,54.38,49.56,49.56,49.56,49.56,49.56,44.93,44.93,44.93,44.93,44.93,40.48,40.48,40.48,40.48,40.48,36.18,36.18,36.18,36.18,36.18,32.11,32.11,32.11,32.11,32.11,28.2,28.2,28.2,28.2,28.2,24.53,24.53,24.53,24.53,24.53,21.12,21.12,21.12,21.12,21.12,17.88,17.88,17.88,17.88,17.88,14.87,14.87,14.87,14.87,14.87,12.11,12.11,12.11,12.11,12.11,9.66,9.66,9.66,9.66,9.66,7.44,7.44,7.44,7.44,7.44,5.64,5.64,5.64,5.64,5.64,4.23,4.23,4.23,4.23,4.23,3.15,3.15,3.15,3.15,3.15,2.41,2.41,2.41,2.41,2.41
2033,67.32,67.87,64.18,64.18,64.18,64.18,59.29,59.29,59.29,59.29,59.29,54.38,54.38,54.38,54.38,54.38,49.56,49.56,49.56,49.56,49.56,44.93,44.93,44.93,44.93,44.93,40.48,40.48,40.48,40.48,40.48,36.18,36.18,36.18,36.18,36.18,32.11,32.11,32.11,32.11,32.11,28.2,28.2,28.2,28.2,28.2,24.53,24.53,24.53,24.53,24.53,21.12,21.12,21.12,21.12,21.12,17.88,17.88,17.88,17.88,17.88,14.87,14.87,14.87,14.87,14.87,12.11,12.11,12.11,12.11,12.11,9.66,9.66,9.66,9.66,9.66,7.44,7.44,7.44,7.44,7.44,5.64,5.64,5.64,5.64,5.64,4.23,4.23,4.23,4.23,4.23,3.15,3.15,3.15,3.15,3.15,2.41,2.41,2.41,2.41,2.41
2034,67.32,67.87,64.18,64.18,64.18,64.18,59.29,59.29,59.29,59.29,59.29,54.38,54.38,54.38,54.38,54.38,49.56,49.56,49.56,49.56,49.56,44.93,44.93,44.93,44.93,44.93,40.48,40.48,40.48,40.48,40.48,36.18,36.18,36.18,36.18,36.18,32.11,32.11,32.11,32.11,32.11,28.2,28.2,28.2,28.2,28.2,24.53,24.53,24.53,24.53,24.53,21.12,21.12,21.12,21.12,21.12,17.88,17.88,17.88,17.88,17.88,14.87,14.87,14.87,14.87,14.87,12.11,12.11,12.11,12.11,12.11,9.66,9.66,9.66,9.66,9.66,7.44,7.44,7.44,7.44,7.44,5.64,5.64,5.64,5.64,5.64,4.23,4.23,4.23,4.23,4.23,3.15,3.15,3.15,3.15,3.15,2.41,2.41,2.41,2.41,2.41
2035,68.5,68.93,65.21,65.21,65.21,65.21,60.31,60.31,60.31,60.31,60.31,55.39,55.39,55.39,55.39,55.39,50.55,50.55,50.55,50.55,50.55,45.85,45.85,45.85,45.85,45.85,41.33,41.33,41.33,41.33,41.33,36.97,36.97,36.97,36.97,36.97,32.82,32.82,32.82,32.82,32.82,28.81,28.81,28.81,28.81,28.81,25,25,25,25,25,21.44,21.44,21.44,21.44,21.44,18.13,18.13,18.13,18.13,18.13,15.12,15.12,15.12,15.12,15.12,12.37,12.37,12.37,12.37,12.37,9.89,9.89,9.89,9.89,9.89,7.63,7.63,7.63,7.63,7.63,5.79,5.79,5.79,5.79,5.79,4.34,4.34,4.34,4.34,4.34,3.23,3.23,3.23,3.23,3.23,2.46,2.46,2.46,2.46,2.46
2036,68.5,68.93,65.21,65.21,65.21,65.21,60.31,60.31,60.31,60.31,60.31,55.39,55.39,55.39,55.39,55.39,50.55,50.55,50.55,50.55,50.55,45.85,45.85,45.85,45.85,45.85,41.33,41.33,41.33,41.33,41.33,36.97,36.97,36.97,36.97,36.97,32.82,32.82,32.82,32.82,32.82,28.81,28.81,28.81,28.81,28.81,25,25,25,25,25,21.44,21.44,21.44,21.44,21.44,18.13,18.13,18.13,18.13,18.13,15.12,15.12,15.12,15.12,15.12,12.37,12.37,12.37,12.37,12.37,9.89,9.89,9.89,9.89,9.89,7.63,7.63,7.63,7.63,7.63,5.79,5.79,5.79,5.79,5.79,4.34,4.34,4.34,4.34,4.34,3.23,3.23,3.23,3.23,3.23,2.46,2.46,2.46,2.46,2.46
2037,68.5,68.93,65.21,65.21,65.21,65.21,60.31,60.31,60.31,60.31,60.31,55.39,55.39,55.39,55.39,55.39,50.55,50.55,50.55,50.55,50.55,45.85,45.85,45.85,45.85,45.85,41.33,41.33,41.33,41.33,41.33,36.97,36.97,36.97,36.97,36.97,32.82,32.82,32.82,32.82,32.82,28.81,28.81,28.81,28.81,28.81,25,25,25,25,25,21.44,21.44,21.44,21.44,21.44,18.13,18.13,18.13,18.13,18.13,15.12,15.12,15.12,15.12,15.12,12.37,12.37,12.37,12.37,12.37,9.89,9.89,9.89,9.89,9.89,7.63,7.63,7.63,7.63,7.63,5.79,5.79,5.79,5.79,5.79,4.34,4.34,4.34,4.34,4.34,3.23,3.23,3.23,3.23,3.23,2.46,2.46,2.46,2.46,2.46
2038,68.5,68.93,65.21,65.21,65.21,65.21,60.31,60.31,60.31,60.31,60.31,55.39,55.39,55.39,55.39,55.39,50.55,50.55,50.55,50.55,50.55,45.85,45.85,45.85,45.85,45.85,41.33,41.33,41.33,41.33,41.33,36.97,36.97,36.97,36.97,36.97,32.82,32.82,32.82,32.82,32.82,28.81,28.81,28.81,28.81,28.81,25,25,25,25,25,21.44,21.44,21.44,21.44,21.44,18.13,18.13,18.13,18.13,18.13,15.12,15.12,15.12,15.12,15.12,12.37,12.37,12.37,12.37,12.37,9.89,9.89,9.89,9.89,9.89,7.63,7.63,7.63,7.63,7.63,5.79,5.79,5.79,5.79,5.79,4.34,4.34,4.34,4.34,4.34,3.23,3.23,3.23,3.23,3.23,2.46,2.46,2.46,2.46,2.46
2039,68.5,68.93,65.21,65.21,65.21,65.21,60.31,60.31,60.31,60.31,60.31,55.39,55.39,55.39,55.39,55.39,50.55,50.55,50.55,50.55,50.55,45.85,45.85,45.85,45.85,45.85,41.33,41.33,41.33,41.33,41.33,36.97,36.97,36.97,36.97,36.97,32.82,32.82,32.82,32.82,32.82,28.81,28.81,28.81,28.81,28.81,25,25,25,25,25,21.44,21.44,21.44,21.44,21.44,18.13,18.13,18.13,18.13,18.13,15.12,15.12,15.12,15.12,15.12,12.37,12.37,12.37,12.37,12.37,9.89,9.89,9.89,9.89,9.89,7.63,7.63,7.63,7.63,7.63,5.79,5.79,5.79,5.79,5.79,4.34,4.34,4.34,4.34,4.34,3.23,3.23,3.23,3.23,3.23,2.46,2.46,2.46,2.46,2.46
2040,69.63,69.97,66.22,66.22,66.22,66.22,61.31,61.31,61.31,61.31,61.31,56.38,56.38,56.38,56.38,56.38,51.52,51.52,51.52,51.52,51.52,46.8,46.8,46.8,46.8,46.8,42.22,42.22,42.22,42.22,42.22,37.77,37.77,37.77,37.77,37.77,33.55,33.55,33.55,33.55,33.55,29.46,29.46,29.46,29.46,29.46,25.55,25.55,25.55,25.55,25.55,21.86,21.86,21.86,21.86,21.86,18.42,18.42,18.42,18.42,18.42,15.35,15.35,15.35,15.35,15.35,12.6,12.6,12.6,12.6,12.6,10.11,10.11,10.11,10.11,10.11,7.83,7.83,7.83,7.83,7.83,5.93,5.93,5.93,5.93,5.93,4.44,4.44,4.44,4.44,4.44,3.3,3.3,3.3,3.3,3.3,2.51,2.51,2.51,2.51,2.51
2041,69.63,69.97,66.22,66.22,66.22,66.22,61.31,61.31,61.31,61.31,61.31,56.38,56.38,56.38,56.38,56.38,51.52,51.52,51.52,51.52,51.52,46.8,46.8,46.8,46.8,46.8,42.22,42.22,42.22,42.22,42.22,37.77,37.77,37.77,37.77,37.77,33.55,33.55,33.55,33.55,33.55,29.46,29.46,29.46,29.46,29.46,25.55,25.55,25.55,25.55,25.55,21.86,21.86,21.86,21.86,21.86,18.42,18.42,18.42,18.42,18.42,15.35,15.35,15.35,15.35,15.35,12.6,12.6,12.6,12.6,12.6,10.11,10.11,10.11,10.11,10.11,7.83,7.83,7.83,7.83,7.83,5.93,5.93,5.93,5.93,5.93,4.44,4.44,4.44,4.44,4.44,3.3,3.3,3.3,3.3,3.3,2.51,2.51,2.51,2.51,2.51
2042,69.63,69.97,66.22,66.22,66.22,66.22,61.31,61.31,61.31,61.31,61.31,56.38,56.38,56.38,56.38,56.38,51.52,51.52,51.52,51.52,51.52,46.8,46.8,46.8,46.8,46.8,42.22,42.22,42.22,42.22,42.22,37.77,37.77,37.77,37.77,37.77,33.55,33.55,33.55,33.55,33.55,29.46,29.46,29.46,29.46,29.46,25.55,25.55,25.55,25.55,25.55,21.86,21.86,21.86,21.86,21.86,18.42,18.42,18.42,18.42,18.42,15.35,15.35,15.35,15.35,15.35,12.6,12.6,12.6,12.6,12.6,10.11,10.11,10.11,10.11,10.11,7.83,7.83,7.83,7.83,7.83,5.93,5.93,5.93,5.93,5.93,4.44,4.44,4.44,4.44,4.44,3.3,3.3,3.3,3.3,3.3,2.51,2.51,2.51,2.51,2.51
2043,69.63,69.97,66.22,66.22,66.22,66.22,61.31,61.31,61.31,61.31,61.31,56.38,56.38,56.38,56.38,56.38,51.52,51.52,51.52,51.52,51.52,46.8,46.8,46.8,46.8,46.8,42.22,42.22,42.22,42.22,42.22,37.77,37.77,37.77,37.77,37.77,33.55,33.55,33.55,33.55,33.55,29.46,29.46,29.46,29.46,29.46,25.55,25.55,25.55,25.55,25.55,21.86,21.86,21.86,21.86,21.86,18.42,18.42,18.42,18.42,18.42,15.35,15.35,15.35,15.35,15.35,12.6,12.6,12.6,12.6,12.6,10.11,10.11,10.11,10.11,10.11,7.83,7.83,7.83,7.83,7.83,5.93,5.93,5.93,5.93,5.93,4.44,4.44,4.44,4.44,4.44,3.3,3.3,3.3,3.3,3.3,2.51,2.51,2.51,2.51,2.51
2044,69.63,69.97,66.22,66.22,66.22,66.22,61.31,61.31,61.31,61.31,61.31,56.38,56.38,56.38,56.38,56.38,51.52,51.52,51.52,51.52,51.52,46.8,46.8,46.8,46.8,46.8,42.22,42.22,42.22,42.22,42.22,37.77,37.77,37.77,37.77,37.77,33.55,33.55,33.55,33.55,33.55,29.46,29.46,29.46,29.46,29.46,25.55,25.55,25.55,25.55,25.55,21.86,21.86,21.86,21.86,21.86,18.42,18.42,18.42,18.42,18.42,15.35,15.35,15.35,15.35,15.35,12.6,12.6,12.6,12.6,12.6,10.11,10.11,10.11,10.11,10.11,7.83,7.83,7.83,7.83,7.83,5.93,5.93,5.93,5.93,5.93,4.44,4.44,4.44,4.44,4.44,3.3,3.3,3.3,3.3,3.3,2.51,2.51,2.51,2.51,2.51
2045,70.73,71,67.23,67.23,67.23,67.23,62.31,62.31,62.31,62.31,62.31,57.38,57.38,57.38,57.38,57.38,52.51,52.51,52.51,52.51,52.51,47.76,47.76,47.76,47.76,47.76,43.13,43.13,43.13,43.13,43.13,38.62,38.62,38.62,38.62,38.62,34.3,34.3,34.3,34.3,34.3,30.13,30.13,30.13,30.13,30.13,26.14,26.14,26.14,26.14,26.14,22.35,22.35,22.35,22.35,22.35,18.8,18.8,18.8,18.8,18.8,15.61,15.61,15.61,15.61,15.61,12.79,12.79,12.79,12.79,12.79,10.3,10.3,10.3,10.3,10.3,8.01,8.01,8.01,8.01,8.01,6.08,6.08,6.08,6.08,6.08,4.55,4.55,4.55,4.55,4.55,3.38,3.38,3.38,3.38,3.38,2.56,2.56,2.56,2.56,2.56
2046,70.73,71,67.23,67.23,67.23,67.23,62.31,62.31,62.31,62.31,62.31,57.38,57.38,57.38,57.38,57.38,52.51,52.51,52.51,52.51,52.51,47.76,47.76,47.76,47.76,47.76,43.13,43.13,43.13,43.13,43.13,38.62,38.62,38.62,38.62,38.62,34.3,34.3,34.3,34.3,34.3,30.13,30.13,30.13,30.13,30.13,26.14,26.14,26.14,26.14,26.14,22.35,22.35,22.35,22.35,22.35,18.8,18.8,18.8,18.8,18.8,15.61,15.61,15.61,15.61,15.61,12.79,12.79,12.79,12.79,12.79,10.3,10.3,10.3,10.3,10.3,8.01,8.01,8.01,8.01,8.01,6.08,6.08,6.08,6.08,6.08,4.55,4.55,4.55,4.55,4.55,3.38,3.38,3.38,3.38,3.38,2.56,2.56,2.56,2.56,2.56
2047,70.73,71,67.23,67.23,67.23,67.23,62.31,62.31,62.31,62.31,62.31,57.38,57.38,57.38,57.38,57.38,52.51,52.51,52.51,52.51,52.51,47.76,47.76,47.76,47.76,47.76,43.13,43.13,43.13,43.13,43.13,38.62,38.62,38.62,38.62,38.62,34.3,34.3,34.3,34.3,34.3,30.13,30.13,30.13,30.13,30.13,26.14,26.14,26.14,26.14,26.14,22.35,22.35,22.35,22.35,22.35,18.8,18.8,18.8,18.8,18.8,15.61,15.61,15.61,15.61,15.61,12.79,12.79,12.79,12.79,12.79,10.3,10.3,10.3,10.3,10.3,8.01,8.01,8.01,8.01,8.01,6.08,6.08,6.08,6.08,6.08,4.55,4.55,4.55,4.55,4.55,3.38,3.38,3.38,3.38,3.38,2.56,2.56,2.56,2.56,2.56
2048,70.73,71,67.23,67.23,67.23,67.23,62.31,62.31,62.31,62.31,62.31,57.38,57.38,57.38,57.38,57.38,52.51,52.51,52.51,52.51,52.51,47.76,47.76,47.76,47.76,47.76,43.13,43.13,43.13,43.13,43.13,38.62,38.62,38.62,38.62,38.62,34.3,34.3,34.3,34.3,34.3,30.13,30.13,30.13,30.13,30.13,26.14,26.14,26.14,26.14,26.14,22.35,22.35,22.35,22.35,22.35,18.8,18.8,18.8,18.8,18.8,15.61,15.61,15.61,15.61,15.61,12.79,12.79,12.79,12.79,12.79,10.3,10.3,10.3,10.3,10.3,8.01,8.01,8.01,8.01,8.01,6.08,6.08,6.08,6.08,6.08,4.55,4.55,4.55,4.55,4.55,3.38,3.38,3.38,3.38,3.38,2.56,2.56,2.56,2.56,2.56
2049,70.73,71,67.23,67.23,67.23,67.23,62.31,62.31,62.31,62.31,62.31,57.38,57.38,57.38,57.38,57.38,52.51,52.51,52.51,52.51,52.51,47.76,47.76,47.76,47.76,47.76,43.13,43.13,43.13,43.13,43.13,38.62,38.62,38.62,38.62,38.62,34.3,34.3,34.3,34.3,34.3,30.13,30.13,30.13,30.13,30.13,26.14,26.14,26.14,26.14,26.14,22.35,22.35,22.35,22.35,22.35,18.8,18.8,18.8,18.8,18.8,15.61,15.61,15.61,15.61,15.61,12.79,12.79,12.79,12.79,12.79,10.3,10.3,10.3,10.3,10.3,8.01,8.01,8.01,8.01,8.01,6.08,6.08,6.08,6.08,6.08,4.55,4.55,4.55,4.55,4.55,3.38,3.38,3.38,3.38,3.38,2.56,2.56,2.56,2.56,2.56
2050,71.91,72.09,68.3,68.3,68.3,68.3,63.37,63.37,63.37,63.37,63.37,58.43,58.43,58.43,58.43,58.43,53.55,53.55,53.55,53.55,53.55,48.78,48.78,48.78,48.78,48.78,44.11,44.11,44.11,44.11,44.11,39.55,39.55,39.55,39.55,39.55,35.16,35.16,35.16,35.16,35.16,30.9,30.9,30.9,30.9,30.9,26.82,26.82,26.82,26.82,26.82,22.95,22.95,22.95,22.95,22.95,19.3,19.3,19.3,19.3,19.3,15.99,15.99,15.99,15.99,15.99,13.07,13.07,13.07,13.07,13.07,10.51,10.51,10.51,10.51,10.51,8.22,8.22,8.22,8.22,8.22,6.25,6.25,6.25,6.25,6.25,4.68,4.68,4.68,4.68,4.68,3.47,3.47,3.47,3.47,3.47,2.63,2.63,2.63,2.63,2.63
2051,71.91,72.09,68.3,68.3,68.3,68.3,63.37,63.37,63.37,63.37,63.37,58.43,58.43,58.43,58.43,58.43,53.55,53.55,53.55,53.55,53.55,48.78,48.78,48.78,48.78,48.78,44.11,44.11,44.11,44.11,44.11,39.55,39.55,39.55,39.55,39.55,35.16,35.16,35.16,35.16,35.16,30.9,30.9,30.9,30.9,30.9,26.82,26.82,26.82,26.82,26.82,22.95,22.95,22.95,22.95,22.95,19.3,19.3,19.3,19.3,19.3,15.99,15.99,15.99,15.99,15.99,13.07,13.07,13.07,13.07,13.07,10.51,10.51,10.51,10.51,10.51,8.22,8.22,8.22,8.22,8.22,6.25,6.25,6.25,6.25,6.25,4.68,4.68,4.68,4.68,4.68,3.47,3.47,3.47,3.47,3.47,2.63,2.63,2.63,2.63,2.63
2052,71.91,72.09,68.3,68.3,68.3,68.3,63.37,63.37,63.37,63.37,63.37,58.43,58.43,58.43,58.43,58.43,53.55,53.55,53.55,53.55,53.55,48.78,48.78,48.78,48.78,48.78,44.11,44.11,44.11,44.11,44.11,39.55,39.55,39.55,39.55,39.55,35.16,35.16,35.16,35.16,35.16,30.9,30.9,30.9,30.9,30.9,26.82,26.82,26.82,26.82,26.82,22.95,22.95,22.95,22.95,22.95,19.3,19.3,19.3,19.3,19.3,15.99,15.99,15.99,15.99,15.99,13.07,13.07,13.07,13.07,13.07,10.51,10.51,10.51,10.51,10.51,8.22,8.22,8.22,8.22,8.22,6.25,6.25,6.25,6.25,6.25,4.68,4.68,4.68,4.68,4.68,3.47,3.47,3.47,3.47,3.47,2.63,2.63,2.63,2.63,2.63
2053,71.91,72.09,68.3,68.3,68.3,68.3,63.37,63.37,63.37,63.37,63.37,58.43,58.43,58.43,58.43,58.43,53.55,53.55,53.55,53.55,53.55,48.78,48.78,48.78,48.78,48.78,44.11,44.11,44.11,44.11,44.11,39.55,39.55,39.55,39.55,39.55,35.16,35.16,35.16,35.16,35.16,30.9,30.9,30.9,30.9,30.9,26.82,26.82,26.82,26.82,26.82,22.95,22.95,22.95,22.95,22.95,19.3,19.3,19.3,19.3,19.3,15.99,15.99,15.99,15.99,15.99,13.07,13.07,13.07,13.07,13.07,10.51,10.51,10.51,10.51,10.51,8.22,8.22,8.22,8.22,8.22,6.25,6.25,6.25,6.25,6.25,4.68,4.68,4.68,4.68,4.68,3.47,3.47,3.47,3.47,3.47,2.63,2.63,2.63,2.63,2.63
2054,71.91,72.09,68.3,68.3,68.3,68.3,63.37,63.37,63.37,63.37,63.37,58.43,58.43,58.43,58.43,58.43,53.55,53.55,53.55,53.55,53.55,48.78,48.78,48.78,48.78,48.78,44.11,44.11,44.11,44.11,44.11,39.55,39.55,39.55,39.55,39.55,35.16,35.16,35.16,35.16,35.16,30.9,30.9,30.9,30.9,30.9,26.82,26.82,26.82,26.82,26.82,22.95,22.95,22.95,22.95,22.95,19.3,19.3,19.3,19.3,19.3,15.99,15.99,15.99,15.99,15.99,13.07,13.07,13.07,13.07,13.07,10.51,10.51,10.51,10.51,10.51,8.22,8.22,8.22,8.22,8.22,6.25,6.25,6.25,6.25,6.25,4.68,4.68,4.68,4.68,4.68,3.47,3.47,3.47,3.47,3.47,2.63,2.63,2.63,2.63,2.63
2055,73.07,73.16,69.35,69.35,69.35,69.35,64.42,64.42,64.42,64.42,64.42,59.48,59.48,59.48,59.48,59.48,54.58,54.58,54.58,54.58,54.58,49.78,49.78,49.78,49.78,49.78,45.09,45.09,45.09,45.09,45.09,40.48,40.48,40.48,40.48,40.48,36.04,36.04,36.04,36.04,36.04,31.71,31.71,31.71,31.71,31.71,27.55,27.55,27.55,27.55,27.55,23.6,23.6,23.6,23.6,23.6,19.86,19.86,19.86,19.86,19.86,16.45,16.45,16.45,16.45,16.45,13.42,13.42,13.42,13.42,13.42,10.76,10.76,10.76,10.76,10.76,8.43,8.43,8.43,8.43,8.43,6.43,6.43,6.43,6.43,6.43,4.82,4.82,4.82,4.82,4.82,3.58,3.58,3.58,3.58,3.58,2.7,2.7,2.7,2.7,2.7
2056,73.07,73.16,69.35,69.35,69.35,69.35,64.42,64.42,64.42,64.42,64.42,59.48,59.48,59.48,59.48,59.48,54.58,54.58,54.58,54.58,54.58,49.78,49.78,49.78,49.78,49.78,45.09,45.09,45.09,45.09,45.09,40.48,40.48,40.48,40.48,40.48,36.04,36.04,36.04,36.04,36.04,31.71,31.71,31.71,31.71,31.71,27.55,27.55,27.55,27.55,27.55,23.6,23.6,23.6,23.6,23.6,19.86,19.86,19.86,19.86,19.86,16.45,16.45,16.45,16.45,16.45,13.42,13.42,13.42,13.42,13.42,10.76,10.76,10.76,10.76,10.76,8.43,8.43,8.43,8.43,8.43,6.43,6.43,6.43,6.43,6.43,4.82,4.82,4.82,4.82,4.82,3.58,3.58,3.58,3.58,3.58,2.7,2.7,2.7,2.7,2.7
2057,73.07,73.16,69.35,69.35,69.35,69.35,64.42,64.42,64.42,64.42,64.42,59.48,59.48,59.48,59.48,59.48,54.58,54.58,54.58,54.58,54.58,49.78,49.78,49.78,49.78,49.78,45.09,45.09,45.09,45.09,45.09,40.48,40.48,40.48,40.48,40.48,36.04,36.04,36.04,36.04,36.04,31.71,31.71,31.71,31.71,31.71,27.55,27.55,27.55,27.55,27.55,23.6,23.6,23.6,23.6,23.6,19.86,19.86,19.86,19.86,19.86,16.45,16.45,16.45,16.45,16.45,13.42,13.42,13.42,13.42,13.42,10.76,10.76,10.76,10.76,10.76,8.43,8.43,8.43,8.43,8.43,6.43,6.43,6.43,6.43,6.43,4.82,4.82,4.82,4.82,4.82,3.58,3.58,3.58,3.58,3.58,2.7,2.7,2.7,2.7,2.7
2058,73.07,73.16,69.35,69.35,69.35,69.35,64.42,64.42,64.42,64.42,64.42,59.48,59.48,59.48,59.48,59.48,54.58,54.58,54.58,54.58,54.58,49.78,49.78,49.78,49.78,49.78,45.09,45.09,45.09,45.09,45.09,40.48,40.48,40.48,40.48,40.48,36.04,36.04,36.04,36.04,36.04,31.71,31.71,31.71,31.71,31.71,27.55,27.55,27.55,27.55,27.55,23.6,23.6,23.6,23.6,23.6,19.86,19.86,19.86,19.86,19.86,16.45,16.45,16.45,16.45,16.45,13.42,13.42,13.42,13.42,13.42,10.76,10.76,10.76,10.76,10.76,8.43,8.43,8.43,8.43,8.43,6.43,6.43,6.43,6.43,6.43,4.82,4.82,4.82,4.82,4.82,3.58,3.58,3.58,3.58,3.58,2.7,2.7,2.7,2.7,2.7
2059,73.07,73.16,69.35,69.35,69.35,69.35,64.42,64.42,64.42,64.42,64.42,59.48,59.48,59.48,59.48,59.48,54.58,54.58,54.58,54.58,54.58,49.78,49.78,49.78,49.78,49.78,45.09,45.09,45.09,45.09,45.09,40.48,40.48,40.48,40.48,40.48,36.04,36.04,36.04,36.04,36.04,31.71,31.71,31.71,31.71,31.71,27.55,27.55,27.55,27.55,27.55,23.6,23.6,23.6,23.6,23.6,19.86,19.86,19.86,19.86,19.86,16.45,16.45,16.45,16.45,16.45,13.42,13.42,13.42,13.42,13.42,10.76,10.76,10.76,10.76,10.76,8.43,8.43,8.43,8.43,8.43,6.43,6.43,6.43,6.43,6.43,4.82,4.82,4.82,4.82,4.82,3.58,3.58,3.58,3.58,3.58,2.7,2.7,2.7,2.7,2.7
2060,74.19,74.2,70.37,70.37,70.37,70.37,65.43,65.43,65.43,65.43,65.43,60.48,60.48,60.48,60.48,60.48,55.58,55.58,55.58,55.58,55.58,50.76,50.76,50.76,50.76,50.76,46.03,46.03,46.03,46.03,46.03,41.39,41.39,41.39,41.39,41.39,36.9,36.9,36.9,36.9,36.9,32.51,32.51,32.51,32.51,32.51,28.27,28.27,28.27,28.27,28.27,24.23,24.23,24.23,24.23,24.23,20.41,20.41,20.41,20.41,20.41,16.92,16.92,16.92,16.92,16.92,13.79,13.79,13.79,13.79,13.79,11.04,11.04,11.04,11.04,11.04,8.62,8.62,8.62,8.62,8.62,6.57,6.57,6.57,6.57,6.57,4.95,4.95,4.95,4.95,4.95,3.68,3.68,3.68,3.68,3.68,2.76,2.76,2.76,2.76,2.76
2061,74.19,74.2,70.37,70.37,70.37,70.37,65.43,65.43,65.43,65.43,65.43,60.48,60.48,60.48,60.48,60.48,55.58,55.58,55.58,55.58,55.58,50.76,50.76,50.76,50.76,50.76,46.03,46.03,46.03,46.03,46.03,41.39,41.39,41.39,41.39,41.39,36.9,36.9,36.9,36.9,36.9,32.51,32.51,32.51,32.51,32.51,28.27,28.27,28.27,28.27,28.27,24.23,24.23,24.23,24.23,24.23,20.41,20.41,20.41,20.41,20.41,16.92,16.92,16.92,16.92,16.92,13.79,13.79,13.79,13.79,13.79,11.04,11.04,11.04,11.04,11.04,8.62,8.62,8.62,8.62,8.62,6.57,6.57,6.57,6.57,6.57,4.95,4.95,4.95,4.95,4.95,3.68,3.68,3.68,3.68,3.68,2.76,2.76,2.76,2.76,2.76
2062,74.19,74.2,70.37,70.37,70.37,70.37,65.43,65.43,65.43,65.43,65.43,60.48,60.48,60.48,60.48,60.48,55.58,55.58,55.58,55.58,55.58,50.76,50.76,50.76,50.76,50.76,46.03,46.03,46.03,46.03,46.03,41.39,41.39,41.39,41.39,41.39,36.9,36.9,36.9,36.9,36.9,32.51,32.51,32.51,32.51,32.51,28.27,28.27,28.27,28.27,28.27,24.23,24.23,24.23,24.23,24.23,20.41,20.41,20.41,20.41,20.41,16.92,16.92,16.92,16.92,16.92,13.79,13.79,13.79,13.79,13.79,11.04,11.04,11.04,11.04,11.04,8.62,8.62,8.62,8.62,8.62,6.57,6.57,6.57,6.57,6.57,4.95,4.95,4.95,4.95,4.95,3.68,3.68,3.68,3.68,3.68,2.76,2.76,2.76,2.76,2.76
2063,74.19,74.2,70.37,70.37,70.37,70.37,65.43,65.43,65.43,65.43,65.43,60.48,60.48,60.48,60.48,60.48,55.58,55.58,55.58,55.58,55.58,50.76,50.76,50.76,50.76,50.76,46.03,46.03,46.03,46.03,46.03,41.39,41.39,41.39,41.39,41.39,36.9,36.9,36.9,36.9,36.9,32.51,32.51,32.51,32.51,32.51,28.27,28.27,28.27,28.27,28.27,24.23,24.23,24.23,24.23,24.23,20.41,20.41,20.41,20.41,20.41,16.92,16.92,16.92,16.92,16.92,13.79,13.79,13.79,13.79,13.79,11.04,11.04,11.04,11.04,11.04,8.62,8.62,8.62,8.62,8.62,6.57,6.57,6.57,6.57,6.57,4.95,4.95,4.95,4.95,4.95,3.68,3.68,3.68,3.68,3.68,2.76,2.76,2.76,2.76,2.76
2064,74.19,74.2,70.37,70.37,70.37,70.37,65.43,65.43,65.43,65.43,65.43,60.48,60.48,60.48,60.48,60.48,55.58,55.58,55.58,55.58,55.58,50.76,50.76,50.76,50.76,50.76,46.03,46.03,46.03,46.03,46.03,41.39,41.39,41.39,41.39,41.39,36.9,36.9,36.9,36.9,36.9,32.51,32.51,32.51,32.51,32.51,28.27,28.27,28.27,28.27,28.27,24.23,24.23,24.23,24.23,24.23,20.41,20.41,20.41,20.41,20.41,16.92,16.92,16.92,16.92,16.92,13.79,13.79,13.79,13.79,13.79,11.04,11.04,11.04,11.04,11.04,8.62,8.62,8.62,8.62,8.62,6.57,6.57,6.57,6.57,6.57,4.95,4.95,4.95,4.95,4.95,3.68,3.68,3.68,3.68,3.68,2.76,2.76,2.76,2.76,2.76
2065,75.21,75.15,71.3,71.3,71.3,71.3,66.36,66.36,66.36,66.36,66.36,61.4,61.4,61.4,61.4,61.4,56.49,56.49,56.49,56.49,56.49,51.65,51.65,51.65,51.65,51.65,46.9,46.9,46.9,46.9,46.9,42.22,42.22,42.22,42.22,42.22,37.68,37.68,37.68,37.68,37.68,33.24,33.24,33.24,33.24,33.24,28.94,28.94,28.94,28.94,28.94,24.83,24.83,24.83,24.83,24.83,20.92,20.92,20.92,20.92,20.92,17.36,17.36,17.36,17.36,17.36,14.15,14.15,14.15,14.15,14.15,11.32,11.32,11.32,11.32,11.32,8.82,8.82,8.82,8.82,8.82,6.71,6.71,6.71,6.71,6.71,5.05,5.05,5.05,5.05,5.05,3.77,3.77,3.77,3.77,3.77,2.83,2.83,2.83,2.83,2.83
2066,75.21,75.15,71.3,71.3,71.3,71.3,66.36,66.36,66.36,66.36,66.36,61.4,61.4,61.4,61.4,61.4,56.49,56.49,56.49,56.49,56.49,51.65,51.65,51.65,51.65,51.65,46.9,46.9,46.9,46.9,46.9,42.22,42.22,42.22,42.22,42.22,37.68,37.68,37.68,37.68,37.68,33.24,33.24,33.24,33.24,33.24,28.94,28.94,28.94,28.94,28.94,24.83,24.83,24.83,24.83,24.83,20.92,20.92,20.92,20.92,20.92,17.36,17.36,17.36,17.36,17.36,14.15,14.15,14.15,14.15,14.15,11.32,11.32,11.32,11.32,11.32,8.82,8.82,8.82,8.82,8.82,6.71,6.71,6.71,6.71,6.71,5.05,5.05,5.05,5.05,5.05,3.77,3.77,3.77,3.77,3.77,2.83,2.83,2.83,2.83,2.83
2067,75.21,75.15,71.3,71.3,71.3,71.3,66.36,66.36,66.36,66.36,66.36,61.4,61.4,61.4,61.4,61.4,56.49,56.49,56.49,56.49,56.49,51.65,51.65,51.65,51.65,51.65,46.9,46.9,46.9,46.9,46.9,42.22,42.22,42.22,42.22,42.22,37.68,37.68,37.68,37.68,37.68,33.24,33.24,33.24,33.24,33.24,28.94,28.94,28.94,28.94,28.94,24.83,24.83,24.83,24.83,24.83,20.92,20.92,20.92,20.92,20.92,17.36,17.36,17.36,17.36,17.36,14.15,14.15,14.15,14.15,14.15,11.32,11.32,11.32,11.32,11.32,8.82,8.82,8.82,8.82,8.82,6.71,6.71,6.71,6.71,6.71,5.05,5.05,5.05,5.05,5.05,3.77,3.77,3.77,3.77,3.77,2.83,2.83,2.83,2.83,2.83
2068,75.21,75.15,71.3,71.3,71.3,71.3,66.36,66.36,66.36,66.36,66.36,61.4,61.4,61.4,61.4,61.4,56.49,56.49,56.49,56.49,56.49,51.65,51.65,51.65,51.65,51.65,46.9,46.9,46.9,46.9,46.9,42.22,42.22,42.22,42.22,42.22,37.68,37.68,37.68,37.68,37.68,33.24,33.24,33.24,33.24,33.24,28.94,28.94,28.94,28.94,28.94,24.83,24.83,24.83,24.83,24.83,20.92,20.92,20.92,20.92,20.92,17.36,17.36,17.36,17.36,17.36,14.15,14.15,14.15,14.15,14.15,11.32,11.32,11.32,11.32,11.32,8.82,8.82,8.82,8.82,8.82,6.71,6.71,6.71,6.71,6.71,5.05,5.05,5.05,5.05,5.05,3.77,3.77,3.77,3.77,3.77,2.83,2.83,2.83,2.83,2.83
2069,75.21,75.15,71.3,71.3,71.3,71.3,66.36,66.36,66.36,66.36,66.36,61.4,61.4,61.4,61.4,61.4,56.49,56.49,56.49,56.49,56.49,51.65,51.65,51.65,51.65,51.65,46.9,46.9,46.9,46.9,46.9,42.22,42.22,42.22,42.22,42.22,37.68,37.68,37.68,37.68,37.68,33.24,33.24,33.24,33.24,33.24,28.94,28.94,28.94,28.94,28.94,24.83,24.83,24.83,24.83,24.83,20.92,20.92,20.92,20.92,20.92,17.36,17.36,17.36,17.36,17.36,14.15,14.15,14.15,14.15,14.15,11.32,11.32,11.32,11.32,11.32,8.82,8.82,8.82,8.82,8.82,6.71,6.71,6.71,6.71,6.71,5.05,5.05,5.05,5.05,5.05,3.77,3.77,3.77,3.77,3.77,2.83,2.83,2.83,2.83,2.83
2070,76.1,75.99,72.14,72.14,72.14,72.14,67.19,67.19,67.19,67.19,67.19,62.23,62.23,62.23,62.23,62.23,57.31,57.31,57.31,57.31,57.31,52.46,52.46,52.46,52.46,52.46,47.68,47.68,47.68,47.68,47.68,42.98,42.98,42.98,42.98,42.98,38.4,38.4,38.4,38.4,38.4,33.91,33.91,33.91,33.91,33.91,29.56,29.56,29.56,29.56,29.56,25.39,25.39,25.39,25.39,25.39,21.42,21.42,21.42,21.42,21.42,17.78,17.78,17.78,17.78,17.78,14.5,14.5,14.5,14.5,14.5,11.59,11.59,11.59,11.59,11.59,9.03,9.03,9.03,9.03,9.03,6.87,6.87,6.87,6.87,6.87,5.16,5.16,5.16,5.16,5.16,3.85,3.85,3.85,3.85,3.85,2.89,2.89,2.89,2.89,2.89
2071,76.1,75.99,72.14,72.14,72.14,72.14,67.19,67.19,67.19,67.19,67.19,62.23,62.23,62.23,62.23,62.23,57.31,57.31,57.31,57.31,57.31,52.46,52.46,52.46,52.46,52.46,47.68,47.68,47.68,47.68,47.68,42.98,42.98,42.98,42.98,42.98,38.4,38.4,38.4,38.4,38.4,33.91,33.91,33.91,33.91,33.91,29.56,29.56,29.56,29.56,29.56,25.39,25.39,25.39,25.39,25.39,21.42,21.42,21.42,21.42,21.42,17.78,17.78,17.78,17.78,17.78,14.5,14.5,14.5,14.5,14.5,11.59,11.59,11.59,11.59,11.59,9.03,9.03,9.03,9.03,9.03,6.87,6.87,6.87,6.87,6.87,5.16,5.16,5.16,5.16,5.16,3.85,3.85,3.85,3.85,3.85,2.89,2.89,2.89,2.89,2.89
2072,76.1,75.99,72.14,72.14,72.14,72.14,67.19,67.19,67.19,67.19,67.19,62.23,62.23,62.23,62.23,62.23,57.31,57.31,57.31,57.31,57.31,52.46,52.46,52.46,52.46,52.46,47.68,47.68,47.68,47.68,47.68,42.98,42.98,42.98,42.98,42.98,38.4,38.4,38.4,38.4,38.4,33.91,33.91,33.91,33.91,33.91,29.56,29.56,29.56,29.56,29.56,25.39,25.39,25.39,25.39,25.39,21.42,21.42,21.42,21.42,21.42,17.78,17.78,17.78,17.78,17.78,14.5,14.5,14.5,14.5,14.5,11.59,11.59,11.59,11.59,11.59,9.03,9.03,9.03,9.03,9.03,6.87,6.87,6.87,6.87,6.87,5.16,5.16,5.16,5.16,5.16,3.85,3.85,3.85,3.85,3.85,2.89,2.89,2.89,2.89,2.89
2073,76.1,75.99,72.14,72.14,72.14,72.14,67.19,67.19,67.19,67.19,67.19,62.23,62.23,62.23,62.23,62.23,57.31,57.31,57.31,57.31,57.31,52.46,52.46,52.46,52.46,52.46,47.68,47.68,47.68,47.68,47.68,42.98,42.98,42.98,42.98,42.98,38.4,38.4,38.4,38.4,38.4,33.91,33.91,33.91,33.91,33.91,29.56,29.56,29.56,29.56,29.56,25.39,25.39,25.39,25.39,25.39,21.42,21.42,21.42,21.42,21.42,17.78,17.78,17.78,17.78,17.78,14.5,14.5,14.5,14.5,14.5,11.59,11.59,11.59,11.59,11.59,9.03,9.03,9.03,9.03,9.03,6.87,6.87,6.87,6.87,6.87,5.16,5.16,5.16,5.16,5.16,3.85,3.85,3.85,3.85,3.85,2.89,2.89,2.89,2.89,2.89
2074,76.1,75.99,72.14,72.14,72.14,72.14,67.19,67.19,67.19,67.19,67.19,62.23,62.23,62.23,62.23,62.23,57.31,57.31,57.31,57.31,57.31,52.46,52.46,52.46,52.46,52.46,47.68,47.68,47.68,47.68,47.68,42.98,42.98,42.98,42.98,42.98,38.4,38.4,38.4,38.4,38.4,33.91,33.91,33.91,33.91,33.91,29.56,29.56,29.56,29.56,29.56,25.39,25.39,25.39,25.39,25.39,21.42,21.42,21.42,21.42,21.42,17.78,17.78,17.78,17.78,17.78,14.5,14.5,14.5,14.5,14.5,11.59,11.59,11.59,11.59,11.59,9.03,9.03,9.03,9.03,9.03,6.87,6.87,6.87,6.87,6.87,5.16,5.16,5.16,5.16,5.16,3.85,3.85,3.85,3.85,3.85,2.89,2.89,2.89,2.89,2.89
2075,76.94,76.78,72.92,72.92,72.92,72.92,67.97,67.97,67.97,67.97,67.97,63.01,63.01,63.01,63.01,63.01,58.08,58.08,58.08,58.08,58.08,53.22,53.22,53.22,53.22,53.22,48.43,48.43,48.43,48.43,48.43,43.7,43.7,43.7,43.7,43.7,39.08,39.08,39.08,39.08,39.08,34.56,34.56,34.56,34.56,34.56,30.16,30.16,30.16,30.16,30.16,25.93,25.93,25.93,25.93,25.93,21.9,21.9,21.9,21.9,21.9,18.19,18.19,18.19,18.19,18.19,14.84,14.84,14.84,14.84,14.84,11.87,11.87,11.87,11.87,11.87,9.24,9.24,9.24,9.24,9.24,7.03,7.03,7.03,7.03,7.03,5.28,5.28,5.28,5.28,5.28,3.92,3.92,3.92,3.92,3.92,2.95,2.95,2.95,2.95,2.95
2076,76.94,76.78,72.92,72.92,72.92,72.92,67.97,67.97,67.97,67.97,67.97,63.01,63.01,63.01,63.01,63.01,58.08,58.08,58.08,58.08,58.08,53.22,53.22,53.22,53.22,53.22,48.43,48.43,48.43,48.43,48.43,43.7,43.7,43.7,43.7,43.7,39.08,39.08,39.08,39.08,39.08,34.56,34.56,34.56,34.56,34.56,30.16,30.16,30.16,30.16,30.16,25.93,25.93,25.93,25.93,25.93,21.9,21.9,21.9,21.9,21.9,18.19,18.19,18.19,18.19,18.19,14.84,14.84,14.84,14.84,14.84,11.87,11.87,11.87,11.87,11.87,9.24,9.24,9.24,9.24,9.24,7.03,7.03,7.03,7.03,7.03,5.28,5.28,5.28,5.28,5.28,3.92,3.92,3.92,3.92,3.92,2.95,2.95,2.95,2.95,2.95
2077,76.94,76.78,72.92,72.92,72.92,72.92,67.97,67.97,67.97,67.97,67.97,63.01,63.01,63.01,63.01,63.01,58.08,58.08,58.08,58.08,58.08,53.22,53.22,53.22,53.22,53.22,48.43,48.43,48.43,48.43,48.43,43.7,43.7,43.7,43.7,43.7,39.08,39.08,39.08,39.08,39.08,34.56,34.56,34.56,34.56,34.56,30.16,30.16,30.16,30.16,30.16,25.93,25.93,25.93,25.93,25.93,21.9,21.9,21.9,21.9,21.9,18.19,18.19,18.19,18.19,18.19,14.84,14.84,14.84,14.84,14.84,11.87,11.87,11.87,11.87,11.87,9.24,9.24,9.24,9.24,9.24,7.03,7.03,7.03,7.03,7.03,5.28,5.28,5.28,5.28,5.28,3.92,3.92,3.92,3.92,3.92,2.95,2.95,2.95,2.95,2.95
2078,76.94,76.78,72.92,72.92,72.92,72.92,67.97,67.97,67.97,67.97,67.97,63.01,63.01,63.01,63.01,63.01,58.08,58.08,58.08,58.08,58.08,53.22,53.22,53.22,53.22,53.22,48.43,48.43,48.43,48.43,48.43,43.7,43.7,43.7,43.7,43.7,39.08,39.08,39.08,39.08,39.08,34.56,34.56,34.56,34.56,34.56,30.16,30.16,30.16,30.16,30.16,25.93,25.93,25.93,25.93,25.93,21.9,21.9,21.9,21.9,21.9,18.19,18.19,18.19,18.19,18.19,14.84,14.84,14.84,14.84,14.84,11.87,11.87,11.87,11.87,11.87,9.24,9.24,9.24,9.24,9.24,7.03,7.03,7.03,7.03,7.03,5.28,5.28,5.28,5.28,5.28,3.92,3.92,3.92,3.92,3.92,2.95,2.95,2.95,2.95,2.95
2079,76.94,76.78,72.92,72.92,72.92,72.92,67.97,67.97,67.97,67.97,67.97,63.01,63.01,63.01,63.01,63.01,58.08,58.08,58.08,58.08,58.08,53.22,53.22,53.22,53.22,53.22,48.43,48.43,48.43,48.43,48.43,43.7,43.7,43.7,43.7,43.7,39.08,39.08,39.08,39.08,39.08,34.56,34.56,34.56,34.56,34.56,30.16,30.16,30.16,30.16,30.16,25.93,25.93,25.93,25.93,25.93,21.9,21.9,21.9,21.9,21.9,18.19,18.19,18.19,18.19,18.19,14.84,14.84,14.84,14.84,14.84,11.87,11.87,11.87,11.87,11.87,9.24,9.24,9.24,9.24,9.24,7.03,7.03,7.03,7.03,7.03,5.28,5.28,5.28,5.28,5.28,3.92,3.92,3.92,3.92,3.92,2.95,2.95,2.95,2.95,2.95
2080,77.73,77.54,73.67,73.67,73.67,73.67,68.72,68.72,68.72,68.72,68.72,63.76,63.76,63.76,63.76,63.76,58.83,58.83,58.83,58.83,58.83,53.95,53.95,53.95,53.95,53.95,49.14,49.14,49.14,49.14,49.14,44.39,44.39,44.39,44.39,44.39,39.74,39.74,39.74,39.74,39.74,35.17,35.17,35.17,35.17,35.17,30.73,30.73,30.73,30.73,30.73,26.45,26.45,26.45,26.45,26.45,22.37,22.37,22.37,22.37,22.37,18.6,18.6,18.6,18.6,18.6,15.18,15.18,15.18,15.18,15.18,12.14,12.14,12.14,12.14,12.14,9.45,9.45,9.45,9.45,9.45,7.19,7.19,7.19,7.19,7.19,5.39,5.39,5.39,5.39,5.39,4,4,4,4,4,3,3,3,3,3
2081,77.73,77.54,73.67,73.67,73.67,73.67,68.72,68.72,68.72,68.72,68.72,63.76,63.76,63.76,63.76,63.76,58.83,58.83,58.83,58.83,58.83,53.95,53.95,53.95,53.95,53.95,49.14,49.14,49.14,49.14,49.14,44.39,44.39,44.39,44.39,44.39,39.74,39.74,39.74,39.74,39.74,35.17,35.17,35.17,35.17,35.17,30.73,30.73,30.73,30.73,30.73,26.45,26.45,26.45,26.45,26.45,22.37,22.37,22.37,22.37,22.37,18.6,18.6,18.6,18.6,18.6,15.18,15.18,15.18,15.18,15.18,12.14,12.14,12.14,12.14,12.14,9.45,9.45,9.45,9.45,9.45,7.19,7.19,7.19,7.19,7.19,5.39,5.39,5.39,5.39,5.39,4,4,4,4,4,3,3,3,3,3
2082,77.73,77.54,73.67,73.67,73.67,73.67,68.72,68.72,68.72,68.72,68.72,63.76,63.76,63.76,63.76,63.76,58.83,58.83,58.83,58.83,58.83,53.95,53.95,53.95,53.95,53.95,49.14,49.14,49.14,49.14,49.14,44.39,44.39,44.39,44.39,44.39,39.74,39.74,39.74,39.74,39.74,35.17,35.17,35.17,35.17,35.17,30.73,30.73,30.73,30.73,30.73,26.45,26.45,26.45,26.45,26.45,22.37,22.37,22.37,22.37,22.37,18.6,18.6,18.6,18.6,18.6,15.18,15.18,15.18,15.18,15.18,12.14,12.14,12.14,12.14,12.14,9.45,9.45,9.45,9.45,9.45,7.19,7.19,7.19,7.19,7.19,5.39,5.39,5.39,5.39,5.39,4,4,4,4,4,3,3,3,3,3
2083,77.73,77.54,73.67,73.67,73.67,73.67,68.72,68.72,68.72,68.72,68.72,63.76,63.76,63.76,63.76,63.76,58.83,58.83,58.83,58.83,58.83,53.95,53.95,53.95,53.95,53.95,49.14,49.14,49.14,49.14,49.14,44.39,44.39,44.39,44.39,44.39,39.74,39.74,39.74,39.74,39.74,35.17,35.17,35.17,35.17,35.17,30.73,30.73,30.73,30.73,30.73,26.45,26.45,26.45,26.45,26.45,22.37,22.37,22.37,22.37,22.37,18.6,18.6,18.6,18.6,18.6,15.18,15.18,15.18,15.18,15.18,12.14,12.14,12.14,12.14,12.14,9.45,9.45,9.45,9.45,9.45,7.19,7.19,7.19,7.19,7.19,5.39,5.39,5.39,5.39,5.39,4,4,4,4,4,3,3,3,3,3
2084,77.73,77.54,73.67,73.67,73.67,73.67,68.72,68.72,68.72,68.72,68.72,63.76,63.76,63.76,63.76,63.76,58.83,58.83,58.83,58.83,58.83,53.95,53.95,53.95,53.95,53.95,49.14,49.14,49.14,49.14,49.14,44.39,44.39,44.39,44.39,44.39,39.74,39.74,39.74,39.74,39.74,35.17,35.17,35.17,35.17,35.17,30.73,30.73,30.73,30.73,30.73,26.45,26.45,26.45,26.45,26.45,22.37,22.37,22.37,22.37,22.37,18.6,18.6,18.6,18.6,18.6,15.18,15.18,15.18,15.18,15.18,12.14,12.14,12.14,12.14,12.14,9.45,9.45,9.45,9.45,9.45,7.19,7.19,7.19,7.19,7.19,5.39,5.39,5.39,5.39,5.39,4,4,4,4,4,3,3,3,3,3
2085,78.5,78.27,74.4,74.4,74.4,74.4,69.44,69.44,69.44,69.44,69.44,64.48,64.48,64.48,64.48,64.48,59.54,59.54,59.54,59.54,59.54,54.66,54.66,54.66,54.66,54.66,49.83,49.83,49.83,49.83,49.83,45.05,45.05,45.05,45.05,45.05,40.37,40.37,40.37,40.37,40.37,35.77,35.77,35.77,35.77,35.77,31.28,31.28,31.28,31.28,31.28,26.96,26.96,26.96,26.96,26.96,22.83,22.83,22.83,22.83,22.83,18.99,18.99,18.99,18.99,18.99,15.51,15.51,15.51,15.51,15.51,12.41,12.41,12.41,12.41,12.41,9.65,9.65,9.65,9.65,9.65,7.35,7.35,7.35,7.35,7.35,5.51,5.51,5.51,5.51,5.51,4.09,4.09,4.09,4.09,4.09,3.05,3.05,3.05,3.05,3.05
2086,78.5,78.27,74.4,74.4,74.4,74.4,69.44,69.44,69.44,69.44,69.44,64.48,64.48,64.48,64.48,64.48,59.54,59.54,59.54,59.54,59.54,54.66,54.66,54.66,54.66,54.66,49.83,49.83,49.83,49.83,49.83,45.05,45.05,45.05,45.05,45.05,40.37,40.37,40.37,40.37,40.37,35.77,35.77,35.77,35.77,35.77,31.28,31.28,31.28,31.28,31.28,26.96,26.96,26.96,26.96,26.96,22.83,22.83,22.83,22.83,22.83,18.99,18.99,18.99,18.99,18.99,15.51,15.51,15.51,15.51,15.51,12.41,12.41,12.41,12.41,12.41,9.65,9.65,9.65,9.65,9.65,7.35,7.35,7.35,7.35,7.35,5.51,5.51,5.51,5.51,5.51,4.09,4.09,4.09,4.09,4.09,3.05,3.05,3.05,3.05,3.05
2087,78.5,78.27,74.4,74.4,74.4,74.4,69.44,69.44,69.44,69.44,69.44,64.48,64.48,64.48,64.48,64.48,59.54,59.54,59.54,59.54,59.54,54.66,54.66,54.66,54.66,54.66,49.83,49.83,49.83,49.83,49.83,45.05,45.05,45.05,45.05,45.05,40.37,40.37,40.37,40.37,40.37,35.77,35.77,35.77,35.77,35.77,31.28,31.28,31.28,31.28,31.28,26.96,26.96,26.96,26.96,26.96,22.83,22.83,22.83,22.83,22.83,18.99,18.99,18.99,18.99,18.99,15.51,15.51,15.51,15.51,15.51,12.41,12.41,12.41,12.41,12.41,9.65,9.65,9.65,9.65,9.65,7.35,7.35,7.35,7.35,7.35,5.51,5.51,5.51,5.51,5.51,4.09,4.09,4.09,4.09,4.09,3.05,3.05,3.05,3.05,3.05
2088,78.5,78.27,74.4,74.4,74.4,74.4,69.44,69.44,69.44,69.44,69.44,64.48,64.48,64.48,64.48,64.48,59.54,59.54,59.54,59.54,59.54,54.66,54.66,54.66,54.66,54.66,49.83,49.83,49.83,49.83,49.83,45.05,45.05,45.05,45.05,45.05,40.37,40.37,40.37,40.37,40.37,35.77,35.77,35.77,35.77,35.77,31.28,31.28,31.28,31.28,31.28,26.96,26.96,26.96,26.96,26.96,22.83,22.83,22.83,22.83,22.83,18.99,18.99,18.99,18.99,18.99,15.51,15.51,15.51,15.51,15.51,12.41,12.41,12.41,12.41,12.41,9.65,9.65,9.65,9.65,9.65,7.35,7.35,7.35,7.35,7.35,5.51,5.51,5.51,5.51,5.51,4.09,4.09,4.09,4.09,4.09,3.05,3.05,3.05,3.05,3.05
2089,78.5,78.27,74.4,74.4,74.4,74.4,69.44,69.44,69.44,69.44,69.44,64.48,64.48,64.48,64.48,64.48,59.54,59.54,59.54,59.54,59.54,54.66,54.66,54.66,54.66,54.66,49.83,49.83,49.83,49.83,49.83,45.05,45.05,45.05,45.05,45.05,40.37,40.37,40.37,40.37,40.37,35.77,35.77,35.77,35.77,35.77,31.28,31.28,31.28,31.28,31.28,26.96,26.96,26.96,26.96,26.96,22.83,22.83,22.83,22.83,22.83,18.99,18.99,18.99,18.99,18.99,15.51,15.51,15.51,15.51,15.51,12.41,12.41,12.41,12.41,12.41,9.65,9.65,9.65,9.65,9.65,7.35,7.35,7.35,7.35,7.35,5.51,5.51,5.51,5.51,5.51,4.09,4.09,4.09,4.09,4.09,3.05,3.05,3.05,3.05,3.05
2090,79.25,78.98,75.1,75.1,75.1,75.1,70.14,70.14,70.14,70.14,70.14,65.17,65.17,65.17,65.17,65.17,60.24,60.24,60.24,60.24,60.24,55.34,55.34,55.34,55.34,55.34,50.5,50.5,50.5,50.5,50.5,45.7,45.7,45.7,45.7,45.7,41,41,41,41,41,36.36,36.36,36.36,36.36,36.36,31.83,31.83,31.83,31.83,31.83,27.46,27.46,27.46,27.46,27.46,23.28,23.28,23.28,23.28,23.28,19.39,19.39,19.39,19.39,19.39,15.84,15.84,15.84,15.84,15.84,12.67,12.67,12.67,12.67,12.67,9.86,9.86,9.86,9.86,9.86,7.5,7.5,7.5,7.5,7.5,5.63,5.63,5.63,5.63,5.63,4.17,4.17,4.17,4.17,4.17,3.11,3.11,3.11,3.11,3.11
2091,79.25,78.98,75.1,75.1,75.1,75.1,70.14,70.14,70.14,70.14,70.14,65.17,65.17,65.17,65.17,65.17,60.24,60.24,60.24,60.24,60.24,55.34,55.34,55.34,55.34,55.34,50.5,50.5,50.5,50.5,50.5,45.7,45.7,45.7,45.7,45.7,41,41,41,41,41,36.36,36.36,36.36,36.36,36.36,31.83,31.83,31.83,31.83,31.83,27.46,27.46,27.46,27.46,27.46,23.28,23.28,23.28,23.28,23.28,19.39,19.39,19.39,19.39,19.39,15.84,15.84,15.84,15.84,15.84,12.67,12.67,12.67,12.67,12.67,9.86,9.86,9.86,9.86,9.86,7.5,7.5,7.5,7.5,7.5,5.63,5.63,5.63,5.63,5.63,4.17,4.17,4.17,4.17,4.17,3.11,3.11,3.11,3.11,3.11
2092,79.25,78.98,75.1,75.1,75.1,75.1,70.14,70.14,70.14,70.14,70.14,65.17,65.17,65.17,65.17,65.17,60.24,60.24,60.24,60.24,60.24,55.34,55.34,55.34,55.34,55.34,50.5,50.5,50.5,50.5,50.5,45.7,45.7,45.7,45.7,45.7,41,41,41,41,41,36.36,36.36,36.36,36.36,36.36,31.83,31.83,31.83,31.83,31.83,27.46,27.46,27.46,27.46,27.46,23.28,23.28,23.28,23.28,23.28,19.39,19.39,19.39,19.39,19.39,15.84,15.84,15.84,15.84,15.84,12.67,12.67,12.67,12.67,12.67,9.86,9.86,9.86,9.86,9.86,7.5,7.5,7.5,7.5,7.5,5.63,5.63,5.63,5.63,5.63,4.17,4.17,4.17,4.17,4.17,3.11,3.11,3.11,3.11,3.11
2093,79.25,78.98,75.1,75.1,75.1,75.1,70.14,70.14,70.14,70.14,70.14,65.17,65.17,65.17,65.17,65.17,60.24,60.24,60.24,60.24,60.24,55.34,55.34,55.34,55.34,55.34,50.5,50.5,50.5,50.5,50.5,45.7,45.7,45.7,45.7,45.7,41,41,41,41,41,36.36,36.36,36.36,36.36,36.36,31.83,31.83,31.83,31.83,31.83,27.46,27.46,27.46,27.46,27.46,23.28,23.28,23.28,23.28,23.28,19.39,19.39,19.39,19.39,19.39,15.84,15.84,15.84,15.84,15.84,12.67,12.67,12.67,12.67,12.67,9.86,9.86,9.86,9.86,9.86,7.5,7.5,7.5,7.5,7.5,5.63,5.63,5.63,5.63,5.63,4.17,4.17,4.17,4.17,4.17,3.11,3.11,3.11,3.11,3.11
2094,79.25,78.98,75.1,75.1,75.1,75.1,70.14,70.14,70.14,70.14,70.14,65.17,65.17,65.17,65.17,65.17,60.24,60.24,60.24,60.24,60.24,55.34,55.34,55.34,55.34,55.34,50.5,50.5,50.5,50.5,50.5,45.7,45.7,45.7,45.7,45.7,41,41,41,41,41,36.36,36.36,36.36,36.36,36.36,31.83,31.83,31.83,31.83,31.83,27.46,27.46,27.46,27.46,27.46,23.28,23.28,23.28,23.28,23.28,19.39,19.39,19.39,19.39,19.39,15.84,15.84,15.84,15.84,15.84,12.67,12.67,12.67,12.67,12.67,9.86,9.86,9.86,9.86,9.86,7.5,7.5,7.5,7.5,7.5,5.63,5.63,5.63,5.63,5.63,4.17,4.17,4.17,4.17,4.17,3.11,3.11,3.11,3.11,3.11
2095,79.98,79.67,75.79,75.79,75.79,75.79,70.82,70.82,70.82,70.82,70.82,65.85,65.85,65.85,65.85,65.85,60.91,60.91,60.91,60.91,60.91,56.01,56.01,56.01,56.01,56.01,51.15,51.15,51.15,51.15,51.15,46.34,46.34,46.34,46.34,46.34,41.6,41.6,41.6,41.6,41.6,36.93,36.93,36.93,36.93,36.93,32.37,32.37,32.37,32.37,32.37,27.96,27.96,27.96,27.96,27.96,23.73,23.73,23.73,23.73,23.73,19.78,19.78,19.78,19.78,19.78,16.17,16.17,16.17,16.17,16.17,12.94,12.94,12.94,12.94,12.94,10.06,10.06,10.06,10.06,10.06,7.66,7.66,7.66,7.66,7.66,5.74,5.74,5.74,5.74,5.74,4.26,4.26,4.26,4.26,4.26,3.17,3.17,3.17,3.17,3.17
2096,79.98,79.67,75.79,75.79,75.79,75.79,70.82,70.82,70.82,70.82,70.82,65.85,65.85,65.85,65.85,65.85,60.91,60.91,60.91,60.91,60.91,56.01,56.01,56.01,56.01,56.01,51.15,51.15,51.15,51.15,51.15,46.34,46.34,46.34,46.34,46.34,41.6,41.6,41.6,41.6,41.6,36.93,36.93,36.93,36.93,36.93,32.37,32.37,32.37,32.37,32.37,27.96,27.96,27.96,27.96,27.96,23.73,23.73,23.73,23.73,23.73,19.78,19.78,19.78,19.78,19.78,16.17,16.17,16.17,16.17,16.17,12.94,12.94,12.94,12.94,12.94,10.06,10.06,10.06,10.06,10.06,7.66,7.66,7.66,7.66,7.66,5.74,5.74,5.74,5.74,5.74,4.26,4.26,4.26,4.26,4.26,3.17,3.17,3.17,3.17,3.17
2097,79.98,79.67,75.79,75.79,75.79,75.79,70.82,70.82,70.82,70.82,70.82,65.85,65.85,65.85,65.85,65.85,60.91,60.91,60.91,60.91,60.91,56.01,56.01,56.01,56.01,56.01,51.15,51.15,51.15,51.15,51.15,46.34,46.34,46.34,46.34,46.34,41.6,41.6,41.6,41.6,41.6,36.93,36.93,36.93,36.93,36.93,32.37,32.37,32.37,32.37,32.37,27.96,27.96,27.96,27.96,27.96,23.73,23.73,23.73,23.73,23.73,19.78,19.78,19.78,19.78,19.78,16.17,16.17,16.17,16.17,16.17,12.94,12.94,12.94,12.94,12.94,10.06,10.06,10.06,10.06,10.06,7.66,7.66,7.66,7.66,7.66,5.74,5.74,5.74,5.74,5.74,4.26,4.26,4.26,4.26,4.26,3.17,3.17,3.17,3.17,3.17
2098,79.98,79.67,75.79,75.79,75.79,75.79,70.82,70.82,70.82,70.82,70.82,65.85,65.85,65.85,65.85,65.85,60.91,60.91,60.91,60.91,60.91,56.01,56.01,56.01,56.01,56.01,51.15,51.15,51.15,51.15,51.15,46.34,46.34,46.34,46.34,46.34,41.6,41.6,41.6,41.6,41.6,36.93,36.93,36.93,36.93,36.93,32.37,32.37,32.37,32.37,32.37,27.96,27.96,27.96,27.96,27.96,23.73,23.73,23.73,23.73,23.73,19.78,19.78,19.78,19.78,19.78,16.17,16.17,16.17,16.17,16.17,12.94,12.94,12.94,12.94,12.94,10.06,10.06,10.06,10.06,10.06,7.66,7.66,7.66,7.66,7.66,5.74,5.74,5.74,5.74,5.74,4.26,4.26,4.26,4.26,4.26,3.17,3.17,3.17,3.17,3.17
2099,79.98,79.67,75.79,75.79,75.79,75.79,70.82,70.82,70.82,70.82,70.82,65.85,65.85,65.85,65.85,65.85,60.91,60.91,60.91,60.91,60.91,56.01,56.01,56.01,56.01,56.01,51.15,51.15,51.15,51.15,51.15,46.34,46.34,46.34,46.34,46.34,41.6,41.6,41.6,41.6,41.6,36.93,36.93,36.93,36.93,36.93,32.37,32.37,32.37,32.37,32.37,27.96,27.96,27.96,27.96,27.96,23.73,23.73,23.73,23.73,23.73,19.78,19.78,19.78,19.78,19.78,16.17,16.17,16.17,16.17,16.17,12.94,12.94,12.94,12.94,12.94,10.06,10.06,10.06,10.06,10.06,7.66,7.66,7.66,7.66,7.66,5.74,5.74,5.74,5.74,5.74,4.26,4.26,4.26,4.26,4.26,3.17,3.17,3.17,3.17,3.17
